District,Zn %,Fe%,Cu %,Mn %,B %,S %
ANANTAPUR,67.67,65.14,91.88,77.7,73.54,85.9
CHITTOOR,80.51,78.19,99.77,91.82,89.04,88.62
EAST GODAVARI,79.27,88.14,95.54,97.24,88.05,95.67
GUNTUR,58.3,71.16,98.86,91.4,86.15,86.81
KRISHNA,78.62,82.02,98.05,95.23,65.78,98.56
KURNOOL,60.7,48.45,97.47,91.34,92.75,96.05
PRAKASAM,40.66,59.14,94.65,82.17,73.99,69.54
NELLORE,39.58,55.37,80.72,79.83,77.23,87.61
SRIKAKULAM,81.05,75.77,98.85,91.31,96.76,94.45
VISAKHAPATANAM,58.7,64.93,96.44,78.35,85.4,88.29
VIZIANAGARAM,61.6,93.71,95.22,98.34,79.43,87.59
WEST GODAVARI,67.36,87.69,96.54,96.76,87.74,88.24
Y.S.R.,68.61,67.42,92.82,92.72,71.8,86.46
NICOBARS,71.52,98.79,93.03,99.7,100.0,0.3
NORTH AND MIDDLE ANDAMAN,93.36,100.0,83.19,100.0,90.78,0.23
SOUTH ANDAMANS,80.0,99.59,81.28,98.68,99.34,0.5
ANJAW,65.1,99.89,81.62,91.86,62.010000000000005,71.25
CHANGLANG,0.0,100.0,66.67,100.0,62.010000000000005,100.0
DIBANG VALLEY,57.72,99.45,92.05,94.33,0.0,90.59
EAST KAMENG,67.76,99.8,71.78,45.95,62.010000000000005,7.96
EAST SIANG,35.68,100.0,80.54,51.63,62.010000000000005,99.46
KRA DAADI,44.44,88.89,25.0,100.0,33.33,66.67
KURUNG KUMEY,76.94,100.0,82.11,93.97,0.0,21.77
LOHIT,67.3,98.07,86.61,87.35,100.0,39.16
LOWER DIBANG VALLEY,48.09,99.49,91.15,75.37,62.010000000000005,69.45
LOWER SUBANSIRI,50.0,100.0,50.0,100.0,0.0,0.0
NAMSAI,100.0,100.0,100.0,90.91,62.010000000000005,100.0
PAPUM PARE,63.77,91.62,84.68,50.74,0.0,15.61
TAWANG,100.0,100.0,100.0,100.0,0.0,100.0
TIRAP,84.0,100.0,90.67,65.88,62.010000000000005,100.0
UPPER SIANG,45.23,99.84,91.82,66.12,100.0,96.44
UPPER SUBANSIRI,41.8,100.0,60.58,53.48,62.010000000000005,0.26
WEST KAMENG,93.44,100.0,80.33,91.26,62.010000000000005,1.64
WEST SIANG,43.52,97.98,89.57,76.11,62.010000000000005,69.94
BAKSA,65.1,98.14,99.63,90.41,2.99,88.56
BARPETA,89.47,97.73,99.66,95.84,29.56,85.47
BISWANATH,93.58,99.98,99.55,99.47,0.92,98.41
BONGAIGAON,99.79,99.53,99.96,87.64,0.92,99.63
CACHAR,89.85,99.55,99.98,99.59,0.06,99.59
CHARAIDEO,99.9,99.95,98.94,90.71,3.42,98.22
CHIRANG,99.96,99.91,100.0,93.21,1.65,99.78
DARRANG,85.73,99.41,99.24,98.64,7.77,96.98
DHEMAJI,99.7,99.49,99.94,87.86,3.99,98.04
DHUBRI,98.36,99.98,99.98,99.17,0.06,99.86
DIBRUGARH,97.05,98.14,99.88,90.46,4.51,99.04
DIMA HASAO,100.0,100.0,100.0,100.0,0.0,100.0
GOALPARA,71.28,99.6,99.97,99.68,1.41,96.49
GOLAGHAT,97.42,99.91,99.98,99.77,0.48,99.52
HAILAKANDI,97.0,99.99,100.0,99.91,0.0,99.99
HOJAI,98.32,84.0,56.33,97.57,61.09,97.49
JORHAT,97.6,99.96,99.99,99.38,1.97,99.22
KAMRUP,64.95,99.04,99.56,83.13,0.32,99.74
KAMRUP METRO,99.88,99.97,100.0,99.94,0.15,99.94
KARBI ANGLONG,96.0,99.57,99.86,99.62,3.86,93.62
KARIMGANJ,98.64,99.78,99.95,99.24,0.08,99.88
KOKRAJHAR,98.82,99.79,99.97,92.38,0.89,98.5
LAKHIMPUR,94.14,97.49,97.61,89.17,7.87,88.81
MAJULI,52.57,99.89,100.0,93.19,0.17,98.34
MARIGAON,88.15,99.68,99.1,96.26,0.39,96.56
NAGAON,99.68,99.69,98.98,88.74,4.43,99.8
NALBARI,90.4,99.98,100.0,99.91,0.23,99.88
SIVASAGAR,98.84,99.52,99.94,90.47,1.91,98.39
SONITPUR,99.85,99.9,99.97,95.47,0.08,99.92
SOUTH SALMARA MANCACHAR,98.55,99.96,100.0,99.71,0.04,99.96
TINSUKIA,99.93,99.9,99.97,89.28,0.77,99.9
UDALGURI,85.04,99.95,99.88,99.12,2.42,98.74
ARARIA,87.7,89.78,90.04,89.83,0.02,35.91
ARWAL,69.61,77.58,78.21,77.69,0.12,3.92
AURANGABAD,98.48,98.59,99.0,98.54,0.43,0.37
BANKA,0.09,0.12,0.12,0.09,0.15,0.03
BEGUSARAI,86.9,86.13,87.39,87.07,0.03,23.12
BHAGALPUR,0.15,0.0,0.17,0.16,0.16,0.16
BHOJPUR,95.72,93.84,99.26,97.19,1.79,2.25
BUXAR,0.0,0.04,0.07,0.07,0.07,0.07
DARBHANGA,96.83,97.1,98.13,95.52,2.8,19.4
GAYA,99.71,99.51,99.75,99.65,2.28,2.86
GOPALGANJ,58.95,94.74,100.0,96.84,64.21,84.21
JAMUI,95.22,88.07,99.28,98.27,0.85,0.21
JEHANABAD,91.22,97.13,99.18,96.17,2.68,0.03
KAIMUR (BHABUA),50.0,50.0,100.0,100.0,0.0,50.0
KATIHAR,94.15,92.85,94.45,94.0,0.3,5.18
KHAGARIA,34.38,32.81,96.88,35.09,91.07,39.29
KISHANGANJ,69.11,99.59,95.93,83.27,54.07,11.79
LAKHISARAI,3.04,4.22,6.39,6.94,3.12,7.04
MADHEPURA,26.42,53.34,55.18,53.72,0.12,8.44
MADHUBANI,96.86,92.36,98.37,94.68,7.96,14.22
MUNGER,6.43,5.85,6.45,6.43,0.03,0.03
MUZAFFARPUR,83.3,95.18,99.34,92.08,0.15,0.21
NALANDA,17.52,23.06,31.45,18.84,6.11,24.58
NAWADA,97.25,98.45,99.66,99.38,0.41,0.52
PASHCHIM CHAMPARAN,66.0,80.76,81.41,72.56,0.37,0.16
PATNA,83.1,87.06,94.84,85.05,4.08,5.63
PURBI CHAMPARAN,7.11,8.13,8.91,7.72,0.54,6.46
PURNIA,35.58,97.87,98.07,83.59,0.84,0.63
ROHTAS,1.05,2.19,2.34,2.2,1.86,1.62
SAHARSA,0.13,0.32,0.34,0.28,0.18,5.96
SAMASTIPUR,3.67,4.28,4.34,4.26,2.23,24.84
SARAN,93.31,94.77,98.84,99.71,74.13,94.19
SHEIKHPURA,0.25,0.27,0.5,0.43,0.21,0.14
SHEOHAR,0.11,0.23,0.0,0.11,0.23,0.11
SITAMARHI,98.35,99.85,99.9,99.9,0.83,0.93
SIWAN,34.69,53.06,97.96,63.83,57.14,91.84
SUPAUL,53.92,49.26,98.28,61.1,67.89,88.48
VAISHALI,0.11,0.12,0.3,0.17,0.18,0.27
BALOD,38.63,96.84,99.18,97.14,52.95,44.16
BALODA BAZAR,31.23,78.04,99.61,96.29,49.84,89.06
BALRAMPUR,88.95,98.74,99.88,97.88,82.22,96.2
BASTAR,36.75,90.97,92.5,95.56,21.93,18.83
BEMETARA,93.23,91.06,99.9,98.57,62.25,36.95
BIJAPUR,97.25,96.47,98.79,90.82,88.09,94.71
BILASPUR,74.54,96.48,98.45,93.32,86.97,88.01
DANTEWADA,39.61,89.64,92.59,95.23,88.53,47.49
DHAMTARI,64.33,98.73,99.75,99.32,69.54,26.57
DURG,68.84,84.13,99.58,97.55,63.75,54.74
GARIYABAND,53.4,89.19,94.29,95.76,80.07,55.91
JANJGIR-CHAMPA,39.6,82.05,95.02,94.06,48.95,88.32
JASHPUR,31.08,64.91,93.67,91.81,74.86,39.35
KABIRDHAM,74.1,95.05,99.22,95.23,99.35,18.39
KANKER,12.1,98.47,99.09,99.21,57.79,95.51
KONDAGAON,32.36,80.06,59.83,85.38,39.43,88.4
KORBA,16.74,87.46,96.15,92.08,84.69,38.97
KOREA,76.44,98.07,95.98,98.87,95.73,58.62
MAHASAMUND,77.75,98.64,99.74,99.7,94.72,60.79
MUNGELI,75.27,83.78,98.42,98.03,95.78,74.73
NARAYANPUR,54.34,91.47,90.01,94.74,66.24,90.13
RAIGARH,67.77,99.22,98.38,98.72,97.08,35.89
RAIPUR,65.03,98.28,99.73,99.71,78.16,83.21
RAJNANDGAON,52.85,77.0,90.06,97.27,51.48,75.2
SUKMA,7.7,68.53,76.32,96.92,8.42,7.08
SURAJPUR,72.95,98.58,99.57,99.76,95.55,99.07
SURGUJA,50.76,82.93,95.11,99.05,72.22,83.18
NORTH GOA,65.2,99.51,100.0,94.79,29.02,57.75
SOUTH GOA,85.02,99.66,97.98,98.98,45.9,20.9
AHMADABAD,72.52,82.68,95.38,94.01,40.49,86.34
AMRELI,62.5,55.13,88.42,88.35,38.23,83.34
ANAND,63.79,72.95,98.15,98.04,59.01,87.92
ARAVALLI,74.36,78.64,97.76,98.59,67.0,72.19
BANAS KANTHA,83.48,67.8,95.33,99.7,68.68,86.04
BHARUCH,62.44,81.53,93.67,99.64,63.43,71.56
BHAVNAGAR,51.38,57.63,91.79,96.95,30.24,70.07
BOTAD,14.98,90.56,95.68,98.81,36.05,98.14
CHHOTAUDEPUR,78.63,94.98,96.66,99.27,72.01,78.75
DAHOD,47.54,73.8,99.31,95.87,76.24,60.87
DANG,97.32,99.47,97.86,100.0,86.35,64.12
DEVBHUMIDWARKA,80.37,94.15,97.22,95.82,39.38,93.75
GANDHINAGAR,91.68,93.95,98.05,99.86,94.66,61.0
GIRSOMNATH,38.62,89.98,80.32,80.85,26.04,91.23
JAMNAGAR,70.47,90.2,98.82,93.64,40.45,85.63
JUNAGADH,30.26,61.46,77.23,74.79,2.1,99.58
KACHCHH,66.26,44.82,86.88,75.77,1.66,97.09
KHEDA,65.87,81.8,94.29,99.74,61.5,40.66
MAHESANA,95.36,62.78,99.04,99.54,24.49,98.45
MAHISAGAR,56.48,95.8,98.79,99.88,90.33,55.8
MORBI,92.07,70.59,91.52,99.97,13.14,49.62
NARMADA,66.12,93.77,99.72,99.75,88.52,85.75
NAVSARI,80.39,90.45,96.39,98.72,77.48,69.29
PANCH MAHALS,45.49,81.67,84.29,99.76,78.73,19.63
PATAN,90.69,63.28,98.07,99.45,79.44,67.87
PORBANDAR,44.1,29.26,90.14,57.15,34.19,74.87
RAJKOT,52.45,64.98,94.49,98.94,10.34,67.24
SABAR KANTHA,82.52,90.19,90.92,99.61,59.09,88.17
SURAT,81.17,85.54,98.07,99.59,41.85,89.64
SURENDRANAGAR,82.03,56.06,92.83,96.52,19.64,89.99
TAPI,75.53,85.34,95.91,100.0,55.94,85.13
VADODARA,66.5,91.05,96.94,99.21,92.01,80.05
VALSAD,57.58,97.85,92.41,99.13,73.1,87.79
AMBALA,72.88,77.74,93.46,30.2,65.71,76.54
BHIWANI,45.72,43.1,93.0,44.05,56.88,89.85
FARIDABAD,98.14,97.29,100.0,98.96,100.0,99.91
FATEHABAD,66.22,32.78,94.65,37.76,68.55,89.88
GURGAON,78.53,78.73,94.55,74.95,36.91,94.29
HISAR,69.12,43.55,97.54,70.92,70.44,97.31
JHAJJAR,59.61,60.73,93.92,60.81,40.16,90.49
JIND,72.28,82.34,98.8,67.59,42.83,91.78
KAITHAL,61.93,58.42,98.94,26.62,52.0,88.85
KARNAL,89.55,85.35,98.13,72.54,59.71,95.61
KURUKSHETRA,86.17,85.56,98.45,59.29,65.96,91.62
MAHENDRAGARH,68.6,32.14,95.04,82.33,47.59,83.19
NUH,79.35,73.38,93.67,75.53,93.94,88.05
PALWAL,59.97,59.86,96.86,50.48,54.75,88.34
PANCHKULA,93.87,95.04,99.23,80.65,34.54,97.1
PANIPAT,69.93,83.33,98.96,65.86,66.15,96.68
REWARI,78.99,71.13,94.85,72.25,57.65,96.02
ROHTAK,43.19,62.44,93.61,57.42,47.85,84.81
SIRSA,69.43,41.44,94.54,54.04,69.78,94.47
SONIPAT,82.77,37.68,98.02,35.38,34.42,98.74
YAMUNANAGAR,91.1,92.92,99.0,82.72,82.27,94.07
BILASPUR,67.45,92.95,99.71,84.7,99.83,99.77
CHAMBA,96.97,87.88,100.0,100.0,100.0,66.67
HAMIRPUR,92.8,86.04,90.88,89.18,96.23,87.97
KANGRA,98.35,89.1,98.51,97.77,95.98,75.26
KINNAUR,93.49,71.97,99.89,64.48,100.0,99.23
KULLU,87.49,84.62,97.37,79.66,90.31,91.07
LAHUL AND SPITI,92.09,88.79,99.06,75.76,97.0,91.71
MANDI,83.11,99.64,98.42,75.93,17.5,98.3
SHIMLA,95.02,97.16,98.23,89.73,72.73,37.5
SIRMAUR,94.9,95.15,96.93,80.02,100.0,54.55
SOLAN,75.69,94.88,96.61,47.35,77.78,99.81
UNA,88.79,68.01,91.46,42.69,100.0,100.0
ANANTNAG,24.73,88.43,58.17,60.05,82.35,44.83
BADGAM,15.94,34.75,42.15,31.3,28.57,47.62
BANDIPORA,96.94,53.9,99.01,77.29,80.0,80.0
BARAMULLA,86.95,97.71,99.67,71.16,10.22,80.24
DODA,31.75,86.21,92.88,81.78,66.67,93.93
GANDERBAL,68.36,50.42,93.71,47.28,69.3,2.71
JAMMU,91.96,97.78,97.45,54.03,76.19,83.6
KATHUA,88.11,78.63,93.87,88.95,62.26,79.09
KISHTWAR,74.2,46.32,79.12,52.56,100.0,86.23
KULGAM,58.93,96.41,98.21,86.16,100.0,100.0
KUPWARA,53.32,31.41,71.9,22.19,62.73,77.08
POONCH,92.74,81.33,93.53,53.89,0.37,83.23
PULWAMA,37.58,29.67,41.47,15.36,99.84,4.72
RAJAURI,82.93,5.85,38.61,39.6,93.83,88.24
RAMBAN,58.69,62.61,74.5,36.95,71.43,41.97
REASI,64.74,65.82,71.83,62.79,22.82,19.63
SAMBA,48.18,82.1,86.32,87.45,72.73,46.07
SHOPIAN,65.88,98.72,97.01,89.94,93.7,94.93
SRINAGAR,75.98,74.73,98.74,43.01,64.29,33.33
UDHAMPUR,58.96,59.84,71.8,59.94,6.5,57.05
BOKARO,74.39,96.4,97.84,98.74,48.27,79.44
CHATRA,44.9,96.63,76.61,97.58,85.6,65.34
DEOGHAR,75.0,100.0,62.5,100.0,37.5,100.0
DHANBAD,96.34,98.38,99.51,99.35,92.8,94.55
DUMKA,97.02,98.01,100.0,97.9,53.63,99.75
EAST SINGHBUM,60.4,94.39,87.45,86.58,51.99,86.51
GARHWA,57.22,56.33,90.44,83.07,64.69,72.68
GIRIDIH,55.83,94.21,84.46,94.65,93.63,25.28
GODDA,97.19,98.56,99.01,85.86,93.4,89.53
GUMLA,84.1,96.9,97.17,93.77,69.01,70.85
HAZARIBAGH,100.0,100.0,100.0,100.0,100.0,81.98
JAMTARA,57.43,96.26,98.46,98.93,57.69,82.54
KHUNTI,84.78,97.34,96.89,99.67,61.45,85.11
KODERMA,61.88,96.17,100.0,99.62,75.48,91.2
LATEHAR,96.55,100.0,100.0,100.0,95.65,48.22
LOHARDAGA,80.02,85.74,89.05,76.27,80.09,48.69
PAKUR,95.19,89.29,99.89,92.36,47.47,86.32
PALAMU,87.82,98.78,97.13,54.44,91.23,93.67
RANCHI,71.99,98.81,93.51,99.77,70.3,78.51
SAHEBGANJ,100.0,100.0,100.0,100.0,100.0,100.0
SARAIKELA KHARSAWAN,75.09,82.11,95.46,75.19,64.6,63.68
SIMDEGA,60.32,99.43,99.58,99.61,66.42,99.55
WEST SINGHBHUM,40.96,21.63,70.73,48.3,86.54,23.98
BAGALKOT,20.38,1.73,98.15,77.13,61.21,88.79
BALLARI,39.28,62.04,93.94,91.55,62.07,89.42
BANGALORE,33.07,39.84,82.56,85.25,12.0,30.49
BELAGAVI,37.52,22.77,95.97,60.9,14.94,31.95
BENGALURU URBAN,38.86,40.15,86.26,88.01,12.03,27.68
BIDAR,50.05,30.85,95.26,80.29,23.55,4.02
BIJAPUR,19.36,6.96,93.39,77.45,59.04,10.37
CHAMARAJANAGAR,20.0,22.34,91.43,85.91,84.91,78.77
CHIKBALLAPUR,32.65,77.13,85.89,98.87,58.08,86.22
CHIKMAGALUR,46.47,82.4,98.01,98.01,21.41,67.0
CHITRADURGA,50.43,17.82,63.93,24.31,38.34,75.84
DAKSHIN KANNAD,23.55,74.88,68.32,52.02,31.75,85.33
DAVANGERE,53.67,69.64,98.68,98.92,26.12,83.16
DHARWAD,7.71,0.39,89.42,68.77,9.73,41.34
GADAG,28.76,1.48,98.88,82.99,96.63,25.27
GULBARGA,22.72,10.47,98.27,86.13,49.14,85.52
HASSAN,22.52,45.4,77.38,78.35,58.88,90.69
HAVERI,9.47,58.32,96.36,98.41,3.2,14.6
KODAGU,66.17,88.91,94.47,90.93,58.64,85.28
KOLAR,59.91,84.35,97.63,98.38,54.92,74.53
KOPPAL,32.54,81.08,96.58,96.4,92.98,73.81
MANDYA,66.18,83.66,96.03,98.12,28.35,51.6
MYSORE,52.25,42.12,93.5,79.1,63.11,94.37
RAICHUR,93.32,67.84,99.83,94.38,91.76,78.02
RAMANAGARA,35.82,63.97,87.56,88.8,0.82,52.94
SHIMOGA,55.33,95.59,99.12,98.58,91.12,67.68
TUMKUR,22.33,51.81,93.99,97.54,31.47,57.37
UDUPI,63.56,95.84,95.04,71.3,23.69,47.79
UTTAR KANNAD,53.36,98.49,95.74,91.97,5.15,65.55
YADGIR,28.41,22.28,95.13,87.06,54.47,87.23
ALAPPUZHA,98.41,99.03,98.72,92.51,31.26,78.07
ERNAKULAM,95.07,98.08,98.75,88.73,45.41,59.15
IDUKKI,93.52,97.3,99.18,93.89,78.42,83.31
KANNUR,94.01,99.35,98.61,97.62,37.81,48.04
KASARAGOD,74.08,86.1,83.88,84.76,10.21,21.08
KOLLAM,95.0,99.38,98.78,96.77,68.7,75.94
KOTTAYAM,95.18,96.04,99.41,96.59,54.12,73.96
KOZHIKODE,86.9,98.37,91.15,94.68,42.2,42.04
MALAPPURAM,97.98,99.87,99.94,99.51,79.74,73.59
PALAKKAD,95.61,99.36,99.94,99.06,28.81,63.32
PATHANAMTHITTA,96.94,96.58,64.17,96.38,43.51,14.06
THIRUVANANTHAPURAM,91.21,97.07,94.3,94.48,50.94,70.38
THRISSUR,93.46,98.62,97.98,97.2,74.74,84.18
WAYANAD,89.37,98.21,99.39,98.04,22.94,8.41
KARGIL,76.29,76.66,94.18,66.97,36.84,19.14
LEH,54.56,74.44,93.76,68.44,61.95,88.94
AGAR MALWA,40.81,62.47,81.13,79.29,58.42,52.13
ALIRAJPUR,43.17,48.36,81.26,66.3,65.82,55.67
ANUPPUR,52.86,96.04,89.58,98.95,43.88,94.64
ASHOKNAGAR,52.47,71.15,81.4,98.64,43.62,98.04
BALAGHAT,83.63,99.21,98.43,99.62,89.32,96.97
BARWANI,84.7,54.12,98.26,68.89,87.44,74.4
BETUL,19.41,86.57,95.22,99.53,60.08,44.52
BHIND,8.27,91.87,97.87,98.25,58.36,55.15
BHOPAL,77.06,78.65,98.12,97.18,94.53,89.02
BURHANPUR,45.15,36.84,87.5,72.4,61.57,51.24
CHHATARPUR,54.96,32.61,91.89,50.74,64.88,74.74
CHHINDWARA,68.93,70.38,97.36,89.89,85.94,83.25
DAMOH,78.8,77.32,94.15,88.45,76.7,83.85
DATIA,59.76,58.89,93.09,84.48,77.83,92.99
DEWAS,49.56,84.77,99.53,97.61,65.91,79.7
DHAR,59.3,64.69,87.9,63.6,71.23,55.21
DINDORI,41.35,98.31,99.97,98.61,96.14,89.4
EAST NIMAR,68.86,94.72,99.94,98.78,82.26,90.72
GUNA,34.16,85.41,98.74,77.06,77.97,91.13
GWALIOR,48.4,69.77,93.71,93.38,70.84,86.39
HARDA,95.81,98.4,99.54,99.75,96.11,95.68
HOSHANGABAD,54.42,85.04,95.67,97.62,72.92,62.58
INDORE,69.1,78.75,96.84,95.21,88.41,84.17
JABALPUR,76.48,77.05,96.57,90.17,98.13,84.13
JHABUA,75.81,95.55,99.65,99.51,80.52,83.97
KATNI,50.6,95.45,95.58,95.82,70.62,92.06
KHARGONE,58.98,25.01,85.83,74.25,82.42,78.17
MANDLA,33.31,97.69,90.32,93.47,56.35,91.13
MANDSAUR,74.69,70.26,95.36,74.01,87.15,87.82
MORENA,60.12,92.51,95.31,98.7,83.94,57.19
NARSINGHPUR,62.81,63.2,96.58,89.0,79.96,73.47
NEEMUCH,19.36,76.26,99.98,99.91,24.51,0.49
PANNA,82.0,98.52,98.96,99.51,66.92,94.79
RAISEN,65.88,67.97,93.97,79.09,80.93,56.77
RAJGARH,21.6,90.57,78.41,94.79,7.93,73.68
RATLAM,97.67,97.58,99.17,98.76,99.0,98.93
REWA,55.5,55.55,91.9,85.43,94.12,90.64
SAGAR,74.78,90.65,99.36,94.99,83.77,79.82
SATNA,29.58,92.84,88.66,99.19,39.77,61.47
SEHORE,82.25,69.36,98.94,92.3,89.1,65.03
SEONI,41.47,82.27,96.08,90.18,50.34,84.97
SHAHDOL,60.46,98.42,96.39,99.05,85.06,96.13
SHAJAPUR,47.1,63.44,76.94,93.9,57.66,70.49
SHEOPUR,51.71,89.87,91.61,99.55,68.76,74.63
SHIVPURI,68.31,87.91,87.93,70.96,62.79,66.39
SIDHI,42.04,83.07,70.16,94.17,56.53,41.68
SINGRAULI,86.31,60.23,95.59,71.22,59.83,32.36
TIKAMGARH,70.33,99.2,96.69,99.6,73.24,99.77
UJJAIN,36.56,53.44,91.16,95.28,62.21,61.2
UMARIA,49.74,71.37,98.26,95.05,97.89,87.28
VIDISHA,67.67,87.68,97.2,89.91,88.69,68.09
AHMEDNAGAR,46.99,22.65,97.92,80.07,52.12,58.56
AKOLA,29.45,27.58,99.89,99.82,35.21,3.93
AMRAVATI,59.04,18.23,98.57,94.9,15.93,16.47
AURANGABAD,28.16,17.04,98.49,86.72,41.61,93.8
BEED,55.96,22.15,98.55,96.51,73.17,57.28
BHANDARA,23.79,39.56,99.39,92.65,58.3,43.52
BULDHANA,46.29,23.54,99.38,98.08,75.63,58.6
CHANDRAPUR,27.24,28.1,96.28,92.24,80.66,28.07
DHULE,80.35,55.15,99.98,99.58,76.1,64.32
GADCHIROLI,34.09,45.02,96.75,92.77,61.39,40.65
GONDIA,22.3,28.0,98.6,94.27,87.53,23.01
HINGOLI,59.06,68.61,99.62,97.38,54.25,16.3
JALGAON,53.25,53.48,94.56,91.08,74.57,39.12
JALNA,50.44,9.05,98.12,94.41,37.09,10.38
KOLHAPUR,70.47,60.66,98.55,90.92,56.45,61.83
LATUR,41.42,32.68,99.8,98.37,35.87,9.62
NAGPUR,16.32,6.76,98.86,90.73,69.6,19.3
NANDED,63.63,43.8,96.26,87.38,35.31,72.09
NANDURBAR,67.71,77.28,99.95,98.67,43.33,42.09
NASHIK,68.52,34.77,99.35,90.18,37.96,69.8
OSMANABAD,26.05,28.75,98.43,95.89,49.82,12.17
PALGHAR,60.86,85.76,99.98,99.88,29.93,45.1
PARBHANI,51.9,50.26,82.01,96.97,45.24,17.72
PUNE,46.57,19.8,96.17,64.96,49.78,35.41
RAIGAD,81.35,71.76,99.91,99.03,30.76,57.27
RATNAGIRI,80.2,97.37,98.72,99.76,73.08,84.61
SANGLI,54.88,54.98,95.81,87.42,76.54,70.21
SATARA,38.63,40.48,92.32,59.13,67.24,55.89
SINDHUDURG,66.35,97.89,97.77,99.0,34.02,43.65
SOLAPUR,35.88,11.51,93.06,53.14,41.05,35.56
THANE,88.76,97.09,99.75,98.86,19.88,85.23
WARDHA,16.63,5.98,96.9,82.21,42.74,30.55
WASHIM,23.71,17.1,99.86,98.61,86.48,17.59
YAVATMAL,38.44,46.54,99.07,94.6,56.17,53.81
BISHNUPUR,68.72,92.82,82.56,93.85,72.31,41.54
CHANDEL,25.0,100.0,75.0,100.0,100.0,75.0
CHURACHANDPUR,0.0,100.0,33.33,100.0,100.0,33.33
IMPHAL EAST,57.31,96.44,66.8,96.44,25.69,47.83
IMPHAL WEST,51.55,98.97,88.66,98.97,53.61,24.74
SENAPATI,68.56,82.1,96.9,90.91,62.010000000000005,78.51
TAMENGLONG,68.56,82.1,96.9,90.91,62.010000000000005,78.51
THOUBAL,82.72,98.95,80.63,99.48,58.64,65.97
UKHRUL,38.33,100.0,71.67,100.0,75.0,36.67
EAST GARO HILLS,68.56,82.1,96.9,90.91,62.010000000000005,100.0
EAST JAINTIA HILLS,68.56,82.1,96.9,90.91,62.010000000000005,100.0
EAST KHASI HILLS,71.91,81.65,90.68,57.9,87.5,23.53
NORTH GARO HILLS,68.56,82.1,96.9,90.91,62.010000000000005,100.0
RI BHOI,64.0,93.94,89.16,80.59,50.0,0.0
SOUTH GARO HILLS,0.0,0.0,0.0,0.0,0.0,0.0
SOUTH WEST GARO HILLS,68.56,82.1,96.9,90.91,62.010000000000005,78.51
SOUTH WEST KHASI HILLS,61.29,98.16,87.88,61.9,100.0,100.0
WEST GARO HILLS,68.56,82.1,96.9,90.91,62.010000000000005,100.0
WEST JAINTIA HILLS,84.48,77.59,87.93,96.55,77.59,45.16
WEST KHASI HILLS,51.34,96.68,78.63,59.0,100.0,0.0
AIZAWL,68.56,82.1,96.9,90.91,62.010000000000005,100.0
CHAMPHAI,76.92,100.0,100.0,100.0,100.0,37.5
KOLASIB,68.56,82.1,96.9,90.91,62.010000000000005,78.51
LAWNGTLAI,68.56,82.1,96.9,90.91,62.010000000000005,78.51
LUNGLEI,100.0,100.0,96.9,90.91,100.0,78.51
MAMIT,68.56,82.1,96.9,90.91,62.010000000000005,78.51
SAIHA,68.56,82.1,96.9,90.91,62.010000000000005,78.51
SERCHHIP,68.56,82.1,96.9,90.91,62.010000000000005,100.0
DIMAPUR,85.95,100.0,99.65,91.29,97.12,98.28
KIPHIRE,27.49,100.0,80.58,94.5,62.010000000000005,99.83
KOHIMA,49.16,99.44,76.72,86.18,62.010000000000005,94.26
LONGLENG,98.63,99.66,99.83,99.32,40.0,99.32
MOKOKCHUNG,63.83,100.0,95.69,95.67,100.0,100.0
MON,68.38,99.93,99.86,93.48,0.0,100.0
PEREN,87.9,100.0,98.19,95.4,100.0,100.0
PHEK,60.28,99.39,99.09,96.01,100.0,99.9
TUENSANG,42.52,99.04,65.91,87.52,62.010000000000005,89.83
WOKHA,64.77,100.0,99.87,89.77,98.37,93.06
ZUNHEBOTO,62.64,100.0,100.0,97.34,100.0,100.0
ANUGUL,74.64,100.0,100.0,100.0,32.83,75.8
BALANGIR,68.56,82.1,96.9,90.91,62.010000000000005,85.71
BALESHWAR,57.04,82.1,96.9,90.91,56.01,23.39
BARGARH,61.71,97.82,98.77,95.31,35.17,37.38
BHADRAK,100.0,80.0,100.0,100.0,80.0,92.86
BOUDH,100.0,82.1,96.9,90.91,62.010000000000005,100.0
CUTTACK,69.46,25.0,50.0,0.0,50.85,0.84
DEOGARH,45.63,100.0,100.0,100.0,4.68,75.0
DHENKANAL,92.86,82.1,96.9,90.91,19.35,100.0
GAJAPATI,100.0,100.0,100.0,100.0,100.0,100.0
GANJAM,37.5,0.0,96.9,90.91,41.87,79.28
JAGATSINGHAPUR,66.2,100.0,100.0,75.0,22.02,54.21
JAJAPUR,80.97,100.0,100.0,100.0,48.45,42.22
JHARSUGUDA,30.92,0.0,96.9,90.91,71.35,29.88
KALAHANDI,55.98,54.05,90.63,84.38,1.1,44.46
KANDHAMAL,0.08,0.0,0.08,0.08,0.08,0.9
KENDRAPARA,84.4,0.0,96.9,90.91,33.54,96.33
KENDUJHAR,6.49,73.17,15.38,15.38,5.59,1.79
KHORDHA,83.69,75.0,100.0,100.0,68.32,96.62
KORAPUT,28.78,78.57,100.0,100.0,60.83,74.72
MALKANGIRI,68.56,82.1,96.9,90.91,62.010000000000005,100.0
MAYURBHANJ,11.39,100.0,100.0,100.0,7.27,1.11
NABARANGPUR,8.33,7.69,16.67,8.33,16.67,47.62
NAYAGARH,63.49,0.0,100.0,100.0,35.31,51.12
NUAPADA,8.33,0.0,0.0,0.0,0.0,0.0
PURI,76.1,97.45,90.0,90.91,47.68,90.84
RAYAGADA,67.11,97.56,92.59,83.95,85.4,72.8
SAMBALPUR,40.83,87.5,100.0,100.0,16.7,38.44
SONEPUR,100.0,100.0,100.0,100.0,50.0,100.0
SUNDARGARH,100.0,100.0,100.0,100.0,0.0,90.91
KARAIKAL,86.41,97.99,100.0,98.32,100.0,78.51
MAHE,89.43,93.67,95.18,98.19,0.99,78.51
PONDICHERRY,94.98,84.98,99.16,98.05,0.29,100.0
AMRITSAR,74.27,88.91,99.85,45.83,0.0,82.91
BARNALA,90.36,87.6,99.23,60.37,61.6,88.02
BATHINDA,88.98,75.44,97.27,62.65,81.82,93.47
FARIDKOT,90.06,86.95,98.82,54.94,62.010000000000005,95.74
FATEHGARH SAHIB,92.56,92.27,99.35,54.64,0.0,88.0
FAZILKA,80.79,82.83,99.81,54.0,50.0,96.69
FIROZEPUR,80.98,89.77,99.78,46.32,100.0,74.74
GURDASPUR,92.26,89.82,99.4,51.8,100.0,82.77
HOSHIARPUR,83.06,90.35,99.55,53.45,0.0,87.12
JALANDHAR,89.89,91.37,98.97,64.99,3.8,78.65
KAPURTHALA,88.55,92.5,99.72,33.82,62.010000000000005,86.68
LUDHIANA,85.4,90.82,99.41,54.28,100.0,76.1
MANSA,91.44,90.46,99.82,72.66,62.010000000000005,88.18
MOGA,90.89,94.05,99.98,43.64,62.010000000000005,87.4
MUKTSAR,79.25,84.43,99.32,32.54,62.010000000000005,93.97
NAWANSHAHR,88.94,96.73,99.95,76.63,100.0,70.99
PATHANKOT,95.27,96.75,99.57,70.49,96.1,87.53
PATIALA,91.25,91.04,99.88,66.96,0.99,83.34
RUPNAGAR,93.95,95.7,98.96,54.3,100.0,91.6
S.A.S NAGAR,80.51,82.81,99.39,56.36,62.010000000000005,82.71
SANGRUR,90.91,89.5,99.85,60.88,3.29,88.62
TARN TARAN,85.0,92.3,99.75,46.06,100.0,82.79
AJMER,59.16,65.75,98.01,91.35,0.0,79.15
ALWAR,51.69,43.75,97.71,95.97,62.010000000000005,89.65
BANSWARA,29.26,40.46,87.08,90.44,62.010000000000005,98.42
BARAN,79.39,81.21,99.41,94.36,62.010000000000005,44.11
BARMER,27.94,25.77,92.8,91.48,62.010000000000005,78.67
BHARATPUR,37.93,78.29,96.47,99.12,62.010000000000005,93.84
BHILWARA,60.02,52.08,96.66,86.89,62.010000000000005,97.61
BIKANER,29.09,6.35,67.84,41.62,62.010000000000005,30.83
BUNDI,72.42,61.01,99.45,96.02,62.010000000000005,96.36
CHITTORGARH,60.13,37.47,96.4,79.25,62.010000000000005,94.78
CHURU,4.38,0.86,93.82,81.17,62.010000000000005,70.73
DAUSA,64.41,64.43,92.27,86.21,62.010000000000005,99.39
DHOLPUR,50.18,66.87,90.16,95.33,62.010000000000005,90.14
DUNGARPUR,49.3,54.91,96.52,78.45,62.010000000000005,94.73
GANGANAGAR,40.02,52.93,95.02,96.2,62.010000000000005,59.17
HANUMANGARH,63.15,52.65,95.3,85.3,62.010000000000005,88.41
JAIPUR,62.67,34.87,90.93,94.12,75.0,96.61
JAISALMER,1.01,4.36,97.69,99.76,62.010000000000005,0.04
JALORE,41.11,39.04,97.58,91.82,62.010000000000005,93.98
JHALAWAR,72.53,73.24,99.79,97.78,62.010000000000005,86.4
JHUNJHUNU,27.73,36.26,94.05,93.76,62.010000000000005,86.11
JODHPUR,31.08,25.16,98.69,91.13,62.010000000000005,99.23
KARAULI,44.43,52.21,93.69,94.43,62.010000000000005,76.39
KOTA,81.56,83.86,97.04,90.56,62.010000000000005,91.85
NAGAUR,21.85,21.17,97.78,95.14,62.010000000000005,66.17
PALI,35.77,32.7,98.15,98.92,62.010000000000005,92.68
PRATAPGARH,75.46,63.71,91.04,94.14,62.010000000000005,95.37
RAJSAMAND,41.53,18.03,89.69,89.65,62.010000000000005,99.94
SAWAI MADHOPUR,41.22,67.34,97.75,95.24,62.010000000000005,88.64
SIKAR,60.16,45.93,94.22,90.71,62.010000000000005,99.09
SIROHI,4.18,1.64,97.26,94.79,62.010000000000005,84.67
TONK,66.03,56.71,97.95,93.99,62.010000000000005,96.4
UDAIPUR,61.23,78.35,98.44,99.11,0.0,89.49
GANGTOK,31.51,98.99,73.09,98.87,29.21,99.19
GYALSHING,54.41,3.49,96.17,7.01,26.96,0.17
MANGAN,73.02,22.22,99.21,3.97,6.35,1.59
NAMCHI,81.58,98.3,92.9,99.43,62.87,98.02
ARIYALUR,95.15,75.73,99.55,88.3,86.15,55.34
COIMBATORE,72.71,56.06,98.09,68.17,46.6,50.96
CUDDALORE,96.69,99.36,99.87,97.82,12.74,20.96
DHARMAPURI,88.13,13.49,94.89,90.48,45.38,50.26
DINDIGUL,79.92,49.69,95.2,65.22,19.0,54.36
ERODE,74.77,45.71,97.72,55.37,18.08,17.35
KANCHIPURAM,70.66,67.52,99.52,94.93,11.26,98.96
KANNIYAKUMARI,80.52,92.82,97.01,87.85,27.63,77.25
KARUR,87.22,22.25,99.88,81.82,87.28,31.53
KRISHNAGIRI,98.43,98.24,99.72,98.89,87.35,96.14
MADURAI,68.45,70.98,97.89,81.01,19.57,79.74
NAGAPATTINAM,70.48,95.76,89.95,62.3,48.31,89.76
NAMAKKAL,46.2,49.77,92.6,67.69,5.7,55.22
PERAMBALUR,42.0,2.51,99.1,69.55,6.54,13.99
PUDUKKOTTAI,58.83,59.57,95.71,96.52,65.88,60.43
RAMANATHAPURAM,28.48,76.54,94.35,90.41,14.38,89.09
SALEM,81.74,97.86,99.69,94.17,65.56,58.75
SIVAGANGA,32.34,72.55,68.22,91.59,33.65,56.24
THANJAVUR,98.9,93.0,99.9,86.9,99.74,38.51
THE NILGIRIS,62.4,67.38,90.73,65.23,34.91,44.96
THENI,33.96,28.28,97.02,49.28,78.35,63.16
THIRUVALLUR,62.94,59.6,90.96,10.85,48.4,65.17
THIRUVARUR,57.87,99.09,99.83,89.15,80.76,96.11
TIRUCHIRAPPALLI,94.56,72.01,99.8,93.39,0.46,99.99
TIRUNELVELI,61.16,86.4,98.38,98.45,58.43,89.4
TIRUPPUR,89.43,74.75,99.51,65.3,80.83,87.95
TIRUVANNAMALAI,45.72,80.39,96.2,8.97,41.24,68.87
TUTICORIN,47.33,30.78,93.44,87.7,59.3,78.83
VELLORE,68.68,20.77,96.72,38.38,39.62,68.44
VILLUPURAM,71.24,38.26,99.32,92.89,14.43,43.35
VIRUDHUNAGAR,23.35,32.7,83.04,85.94,56.03,75.5
ADILABAD,73.33,74.63,82.7,77.48,79.0,80.41
BHADRADRI KOTHAGUDEM,37.05,24.54,85.53,50.05,74.51,69.24
HANUMAKONDA,33.18,57.13,92.47,83.62,71.28,91.46
HYDERABAD,0.0,0.0,0.0,0.0,0.0,0.0
JAGITIAL,57.04,59.09,89.39,79.27,59.3,64.26
JANGOAN,31.36,41.6,60.85,57.39,43.01,69.07
JAYASHANKAR BHUPALAPALLY,21.51,41.63,93.11,89.05,77.77,92.75
JOGULAMBA GADWAL,56.89,40.57,74.89,45.42,74.5,57.41
KAMAREDDY,58.81,48.48,87.65,63.11,82.58,71.75
KARIMNAGAR,72.96,53.0,96.75,79.88,70.97,69.32
KHAMMAM,37.79,24.67,82.2,57.16,72.34,83.16
KUMURAM BHEEM ASIFABAD,73.21,79.11,97.03,91.66,85.19,93.95
MAHABUBABAD,44.39,51.95,89.63,85.13,81.47,89.07
MAHBUBNAGAR,73.95,63.37,94.86,83.08,82.65,85.89
MANCHERIAL,56.0,76.72,92.31,94.19,79.92,86.97
MEDAK,45.0,71.49,93.72,97.56,97.6,98.65
MEDCHAL MALKAJGIRI,63.64,26.75,91.6,52.0,96.87,74.36
MULUGU,27.53,49.94,92.8,88.76,74.1,96.45
NAGARKURNOOL,70.66,59.57,81.64,69.89,72.84,83.13
NALGONDA,70.91,60.17,97.09,81.04,67.61,84.4
NARAYANAPET,76.15,68.56,92.91,82.95,82.77,88.94
NIRMAL,78.46,73.8,94.22,84.26,86.39,87.6
NIZAMABAD,64.49,52.31,95.62,65.61,89.71,75.14
PEDDAPALLI,70.6,57.93,97.36,81.41,77.74,70.69
RAJANNA SIRCILLA,74.41,66.91,94.52,89.92,74.89,83.66
RANGAREDDI,77.02,49.29,88.12,73.72,76.72,57.05
SANGAREDDY,81.6,75.51,99.11,91.85,95.92,95.7
SIDDIPET,43.12,57.85,95.88,88.17,85.84,89.99
SURYAPET,75.69,55.17,97.6,80.97,75.88,88.43
VIKARABAD,53.83,54.61,84.07,77.06,80.46,78.02
WANAPARTHY,49.11,52.91,86.53,91.13,63.46,64.37
WARANGAL,58.49,64.64,96.1,91.59,73.12,94.98
YADADRI BHUVANAGIRI,58.18,49.33,94.98,69.95,69.37,76.22
DADRA AND NAGAR HAVELI,93.4,98.88,99.95,100.0,100.0,100.0
DAMAN,97.24,97.7,100.0,99.54,0.0,99.54
DIU,46.67,10.67,67.57,56.34,37.33,82.67
DHALAI,78.27,97.53,99.08,97.46,78.85,93.7
GOMATI,72.99,99.68,98.66,99.74,79.82,92.54
KHOWAI,78.06,99.22,99.64,97.95,85.18,98.87
NORTH TRIPURA,72.95,99.46,98.63,98.53,70.43,92.71
SEPAHIJALA,85.28,98.71,99.7,98.47,88.18,96.29
SOUTH TRIPURA,82.56,99.07,96.8,96.72,80.82,97.48
UNAKOTI,78.7,99.64,95.73,99.41,84.11,99.37
WEST TRIPURA,84.03,97.09,98.7,97.45,81.97,90.97
AGRA,69.19,51.98,91.49,80.82,80.27,83.88
ALIGARH,66.72,70.57,98.22,89.27,57.9,78.7
ALLAHABAD,96.7,96.49,99.52,96.81,97.16,77.8
AMBEDKAR NAGAR,76.45,49.66,92.94,59.99,55.89,59.19
AMETHI,51.3,22.33,97.56,31.09,70.08,36.35
AMROHA,72.01,73.7,90.06,82.13,59.69,57.33
AURAIYA,90.01,64.8,93.49,95.55,61.48,48.99
AYODHYA,57.91,4.17,70.56,35.32,56.78,75.64
AZAMGARH,36.0,56.23,99.26,96.99,37.29,5.6
BAGHPAT,67.76,57.52,94.73,73.72,88.09,76.97
BAHRAICH,70.67,77.48,96.98,80.08,65.34,46.17
BALLIA,86.73,85.14,99.78,95.95,95.7,27.05
BALRAMPUR,97.02,94.0,98.63,97.76,54.41,84.91
BANDA,64.24,27.19,88.12,44.08,45.89,71.36
BARABANKI,55.48,54.13,85.11,79.67,29.38,45.94
BAREILLY,49.02,57.65,93.77,53.71,46.0,60.33
BASTI,5.01,94.13,99.88,87.94,38.03,26.44
BHADOHI,65.4,76.12,94.5,96.62,95.35,59.57
BIJNOR,79.96,64.97,93.86,86.79,64.43,65.72
BUDAUN,51.64,57.93,88.56,56.93,49.34,47.34
BULANDSHAHR,59.41,54.6,95.86,65.01,89.74,82.46
CHANDAULI,21.67,64.7,93.3,89.52,78.24,23.99
CHITRAKOOT,67.42,11.32,91.08,69.69,35.08,90.61
DEORIA,58.94,79.83,98.62,89.44,78.29,60.24
ETAH,78.94,77.3,98.6,95.92,73.44,91.23
ETAWAH,89.95,98.18,99.03,99.58,35.46,96.8
FARRUKHABAD,57.18,70.43,89.7,88.75,43.74,41.93
FATEHPUR,91.98,97.68,98.1,97.66,94.29,97.76
FIROZABAD,40.82,81.62,82.17,94.89,79.08,69.84
GAUTAM BUDDHA NAGAR,84.85,68.56,96.89,87.86,82.32,86.94
GHAZIABAD,78.64,79.5,96.57,93.11,39.98,83.98
GHAZIPUR,27.43,63.08,98.85,89.48,43.85,22.53
GONDA,93.55,81.11,98.32,82.78,31.68,64.87
GORAKHPUR,60.28,74.0,98.93,87.4,70.72,66.73
HAMIRPUR,66.38,67.04,94.59,79.97,3.08,73.13
HAPUR,52.51,65.15,96.17,83.79,68.67,63.04
HARDOI,97.91,97.24,89.4,99.24,95.94,61.24
HATHRAS,75.91,51.21,95.36,90.43,70.0,88.76
JALAUN,77.67,75.09,99.18,91.31,89.15,75.84
JAUNPUR,62.81,72.25,97.19,93.33,14.89,15.34
JHANSI,86.45,77.07,98.5,90.78,86.83,85.81
KANNAUJ,79.27,75.05,97.45,97.36,67.64,62.19
KANPUR DEHAT,81.95,78.3,98.48,99.3,86.19,39.97
KANPUR NAGAR,75.78,98.78,99.35,83.55,87.37,80.01
KASGANJ,88.63,84.92,99.72,94.13,58.8,89.68
KAUSHAMBI,70.33,85.63,94.62,90.26,82.52,89.54
KHERI,99.52,94.95,99.77,94.67,93.13,72.01
KUSHI NAGAR,72.17,73.45,98.18,85.11,71.36,57.94
LALITPUR,68.78,94.58,99.09,90.12,96.72,47.78
LUCKNOW,94.44,97.53,99.81,98.8,63.52,90.08
MAHARAJGANJ,67.11,94.09,95.42,97.67,62.74,78.21
MAHOBA,34.98,10.29,70.66,47.68,21.93,72.08
MAINPURI,64.64,60.78,85.73,87.58,77.15,89.38
MATHURA,63.72,47.12,92.39,87.82,98.06,65.55
MAU,85.82,81.15,99.77,86.42,91.53,1.1
MEERUT,75.15,74.1,98.81,87.52,86.52,78.47
MIRZAPUR,81.62,82.99,99.52,98.12,4.96,98.85
MORADABAD,79.4,75.88,95.16,83.48,59.86,64.86
MUZAFFARNAGAR,75.31,94.04,99.73,92.96,94.28,58.05
PILIBHIT,44.38,81.54,98.32,76.97,68.63,50.82
PRATAPGARH,92.23,88.9,99.64,92.51,82.02,90.54
RAE BARELI,95.77,94.34,99.64,88.57,99.75,8.57
RAMPUR,74.4,68.39,92.82,73.96,53.34,70.62
SAHARANPUR,74.5,85.58,99.09,70.28,86.05,64.47
SAMBHAL,74.88,66.89,94.77,61.99,43.73,65.66
SANT KABEER NAGAR,6.33,82.01,99.88,86.98,33.24,22.87
SHAHJAHANPUR,55.22,57.88,96.56,55.5,50.23,53.42
SHAMLI,82.12,86.38,99.84,87.67,93.0,72.63
SHRAVASTI,90.08,50.14,98.58,87.59,68.18,81.96
SIDDHARTH NAGAR,12.05,81.56,99.7,65.39,27.38,15.78
SITAPUR,85.04,90.44,98.29,85.69,88.08,84.12
SONBHADRA,79.57,93.7,99.98,99.42,17.56,99.41
SULTANPUR,91.88,74.31,94.52,88.47,29.78,67.77
UNNAO,95.81,91.8,99.51,95.58,95.5,97.54
VARANASI,47.66,81.62,98.81,88.37,45.84,32.82
ALMORA,97.83,92.94,72.42,96.45,88.71,96.15
BAGESHWAR,97.15,98.95,99.49,97.34,95.83,87.87
CHAMOLI,91.27,91.89,96.74,68.22,66.05,92.15
CHAMPAWAT,94.31,95.0,95.04,96.27,84.74,74.11
DEHRADUN,94.74,97.35,96.85,89.46,75.23,81.31
HARIDWAR,69.09,77.4,89.02,82.81,30.5,61.36
NAINITAL,86.87,61.06,76.62,58.01,98.51,93.24
PAURI GARHWAL,87.5,85.84,87.34,85.26,85.07,91.55
PITHORAGARH,86.34,95.78,95.75,92.68,50.69,79.32
RUDRA PRAYAG,89.96,81.21,97.7,68.18,69.07,93.96
TEHRI GARHWAL,88.33,89.76,94.81,87.5,75.0,54.3
UDAM SINGH NAGAR,77.31,84.46,90.15,79.85,28.54,76.53
UTTAR KASHI,94.9,95.06,96.75,87.52,63.44,39.82
24 PARAGANAS NORTH,90.91,100.0,100.0,90.91,90.91,100.0
BIRBHUM,93.95,100.0,98.63,97.06,78.52,22.07
KALIMPONG,100.0,100.0,100.0,84.81,100.0,62.5
MALDAH,98.56,93.78,97.61,68.6,81.34,44.98
MURSHIDABAD,96.36,99.59,100.0,94.31,87.85,36.84
NADIA,86.96,97.83,100.0,77.17,71.74,22.83
